{ "city": "London", "time": 1395286933 
, "stations": [
{ "id": 0, "bikes": 10, "free": 9}
,{ "id": 1, "bikes": 3, "free": 34}
,{ "id": 2, "bikes": 1, "free": 30}
,{ "id": 3, "bikes": 20, "free": 3}
,{ "id": 4, "bikes": 17, "free": 9}
,{ "id": 5, "bikes": 1, "free": 16}
,{ "id": 6, "bikes": 12, "free": 4}
,{ "id": 7, "bikes": 11, "free": 7}
,{ "id": 8, "bikes": 2, "free": 17}
,{ "id": 9, "bikes": 11, "free": 7}
,{ "id": 10, "bikes": 2, "free": 21}
,{ "id": 11, "bikes": 1, "free": 46}
,{ "id": 12, "bikes": 0, "free": 21}
,{ "id": 13, "bikes": 13, "free": 8}
,{ "id": 14, "bikes": 0, "free": 26}
,{ "id": 15, "bikes": 20, "free": 1}
,{ "id": 16, "bikes": 7, "free": 19}
,{ "id": 17, "bikes": 2, "free": 25}
,{ "id": 18, "bikes": 0, "free": 27}
,{ "id": 19, "bikes": 25, "free": 3}
,{ "id": 20, "bikes": 5, "free": 11}
,{ "id": 21, "bikes": 0, "free": 19}
,{ "id": 22, "bikes": 0, "free": 15}
,{ "id": 23, "bikes": 1, "free": 33}
,{ "id": 24, "bikes": 25, "free": 6}
,{ "id": 25, "bikes": 13, "free": 8}
,{ "id": 26, "bikes": 3, "free": 30}
,{ "id": 27, "bikes": 0, "free": 19}
,{ "id": 28, "bikes": 20, "free": 2}
,{ "id": 29, "bikes": 18, "free": 6}
,{ "id": 30, "bikes": 11, "free": 23}
,{ "id": 31, "bikes": 5, "free": 37}
,{ "id": 32, "bikes": 15, "free": 0}
,{ "id": 33, "bikes": 4, "free": 11}
,{ "id": 34, "bikes": 4, "free": 24}
,{ "id": 35, "bikes": 13, "free": 2}
,{ "id": 36, "bikes": 10, "free": 7}
,{ "id": 37, "bikes": 14, "free": 27}
,{ "id": 38, "bikes": 0, "free": 15}
,{ "id": 39, "bikes": 0, "free": 24}
,{ "id": 40, "bikes": 20, "free": 8}
,{ "id": 41, "bikes": 5, "free": 13}
,{ "id": 42, "bikes": 2, "free": 19}
,{ "id": 43, "bikes": 14, "free": 5}
,{ "id": 44, "bikes": 14, "free": 2}
,{ "id": 45, "bikes": 18, "free": 1}
,{ "id": 46, "bikes": 0, "free": 22}
,{ "id": 47, "bikes": 2, "free": 13}
,{ "id": 48, "bikes": 8, "free": 18}
,{ "id": 49, "bikes": 6, "free": 23}
,{ "id": 50, "bikes": 1, "free": 15}
,{ "id": 51, "bikes": 2, "free": 16}
,{ "id": 52, "bikes": 1, "free": 26}
,{ "id": 53, "bikes": 2, "free": 30}
,{ "id": 54, "bikes": 1, "free": 14}
,{ "id": 55, "bikes": 2, "free": 36}
,{ "id": 56, "bikes": 6, "free": 12}
,{ "id": 57, "bikes": 11, "free": 19}
,{ "id": 58, "bikes": 9, "free": 9}
,{ "id": 59, "bikes": 32, "free": 1}
,{ "id": 60, "bikes": 20, "free": 3}
,{ "id": 61, "bikes": 20, "free": 7}
,{ "id": 62, "bikes": 14, "free": 11}
,{ "id": 63, "bikes": 0, "free": 16}
,{ "id": 64, "bikes": 1, "free": 27}
,{ "id": 65, "bikes": 0, "free": 25}
,{ "id": 66, "bikes": 23, "free": 0}
,{ "id": 67, "bikes": 21, "free": 3}
,{ "id": 68, "bikes": 2, "free": 30}
,{ "id": 69, "bikes": 2, "free": 14}
,{ "id": 70, "bikes": 4, "free": 33}
,{ "id": 71, "bikes": 8, "free": 5}
,{ "id": 72, "bikes": 1, "free": 18}
,{ "id": 73, "bikes": 1, "free": 20}
,{ "id": 74, "bikes": 3, "free": 23}
,{ "id": 75, "bikes": 1, "free": 15}
,{ "id": 76, "bikes": 15, "free": 9}
,{ "id": 77, "bikes": 0, "free": 18}
,{ "id": 78, "bikes": 1, "free": 12}
,{ "id": 79, "bikes": 6, "free": 15}
,{ "id": 80, "bikes": 2, "free": 23}
,{ "id": 81, "bikes": 18, "free": 1}
,{ "id": 82, "bikes": 15, "free": 8}
,{ "id": 83, "bikes": 1, "free": 15}
,{ "id": 84, "bikes": 1, "free": 24}
,{ "id": 85, "bikes": 11, "free": 8}
,{ "id": 86, "bikes": 14, "free": 12}
,{ "id": 87, "bikes": 17, "free": 3}
,{ "id": 88, "bikes": 28, "free": 13}
,{ "id": 89, "bikes": 28, "free": 9}
,{ "id": 90, "bikes": 28, "free": 0}
,{ "id": 91, "bikes": 1, "free": 14}
,{ "id": 92, "bikes": 7, "free": 19}
,{ "id": 93, "bikes": 8, "free": 10}
,{ "id": 94, "bikes": 31, "free": 22}
,{ "id": 95, "bikes": 3, "free": 13}
,{ "id": 96, "bikes": 6, "free": 18}
,{ "id": 97, "bikes": 2, "free": 19}
,{ "id": 98, "bikes": 3, "free": 13}
,{ "id": 99, "bikes": 0, "free": 17}
,{ "id": 100, "bikes": 15, "free": 16}
,{ "id": 101, "bikes": 18, "free": 8}
,{ "id": 102, "bikes": 0, "free": 21}
,{ "id": 103, "bikes": 10, "free": 10}
,{ "id": 104, "bikes": 3, "free": 26}
,{ "id": 105, "bikes": 0, "free": 32}
,{ "id": 106, "bikes": 5, "free": 11}
,{ "id": 107, "bikes": 20, "free": 7}
,{ "id": 108, "bikes": 0, "free": 45}
,{ "id": 109, "bikes": 17, "free": 2}
,{ "id": 110, "bikes": 6, "free": 14}
,{ "id": 111, "bikes": 6, "free": 28}
,{ "id": 112, "bikes": 1, "free": 19}
,{ "id": 113, "bikes": 20, "free": 5}
,{ "id": 114, "bikes": 3, "free": 10}
,{ "id": 115, "bikes": 2, "free": 15}
,{ "id": 116, "bikes": 1, "free": 15}
,{ "id": 117, "bikes": 0, "free": 22}
,{ "id": 118, "bikes": 0, "free": 23}
,{ "id": 119, "bikes": 10, "free": 8}
,{ "id": 120, "bikes": 4, "free": 16}
,{ "id": 121, "bikes": 16, "free": 5}
,{ "id": 122, "bikes": 2, "free": 45}
,{ "id": 123, "bikes": 0, "free": 17}
,{ "id": 124, "bikes": 19, "free": 2}
,{ "id": 125, "bikes": 2, "free": 16}
,{ "id": 126, "bikes": 2, "free": 18}
,{ "id": 127, "bikes": 15, "free": 0}
,{ "id": 128, "bikes": 11, "free": 25}
,{ "id": 129, "bikes": 0, "free": 18}
,{ "id": 130, "bikes": 6, "free": 14}
,{ "id": 131, "bikes": 0, "free": 21}
,{ "id": 132, "bikes": 0, "free": 31}
,{ "id": 133, "bikes": 14, "free": 1}
,{ "id": 134, "bikes": 0, "free": 15}
,{ "id": 135, "bikes": 14, "free": 4}
,{ "id": 136, "bikes": 2, "free": 30}
,{ "id": 137, "bikes": 1, "free": 28}
,{ "id": 138, "bikes": 20, "free": 3}
,{ "id": 139, "bikes": 12, "free": 12}
,{ "id": 140, "bikes": 35, "free": 12}
,{ "id": 141, "bikes": 5, "free": 19}
,{ "id": 142, "bikes": 31, "free": 3}
,{ "id": 143, "bikes": 1, "free": 15}
,{ "id": 144, "bikes": 6, "free": 10}
,{ "id": 145, "bikes": 18, "free": 0}
,{ "id": 146, "bikes": 17, "free": 11}
,{ "id": 147, "bikes": 5, "free": 21}
,{ "id": 148, "bikes": 21, "free": 0}
,{ "id": 149, "bikes": 17, "free": 7}
,{ "id": 150, "bikes": 34, "free": 1}
,{ "id": 151, "bikes": 15, "free": 4}
,{ "id": 152, "bikes": 31, "free": 2}
,{ "id": 153, "bikes": 24, "free": 13}
,{ "id": 154, "bikes": 5, "free": 13}
,{ "id": 155, "bikes": 1, "free": 38}
,{ "id": 156, "bikes": 0, "free": 19}
,{ "id": 157, "bikes": 14, "free": 2}
,{ "id": 158, "bikes": 2, "free": 15}
,{ "id": 159, "bikes": 19, "free": 10}
,{ "id": 160, "bikes": 15, "free": 1}
,{ "id": 161, "bikes": 1, "free": 14}
,{ "id": 162, "bikes": 8, "free": 18}
,{ "id": 163, "bikes": 14, "free": 3}
,{ "id": 164, "bikes": 4, "free": 15}
,{ "id": 165, "bikes": 17, "free": 0}
,{ "id": 166, "bikes": 14, "free": 16}
,{ "id": 167, "bikes": 12, "free": 1}
,{ "id": 168, "bikes": 0, "free": 18}
,{ "id": 169, "bikes": 13, "free": 0}
,{ "id": 170, "bikes": 2, "free": 32}
,{ "id": 171, "bikes": 0, "free": 26}
,{ "id": 172, "bikes": 9, "free": 14}
,{ "id": 173, "bikes": 22, "free": 2}
,{ "id": 174, "bikes": 18, "free": 1}
,{ "id": 175, "bikes": 0, "free": 17}
,{ "id": 176, "bikes": 10, "free": 9}
,{ "id": 177, "bikes": 13, "free": 5}
,{ "id": 178, "bikes": 9, "free": 25}
,{ "id": 179, "bikes": 12, "free": 2}
,{ "id": 180, "bikes": 8, "free": 6}
,{ "id": 181, "bikes": 12, "free": 13}
,{ "id": 182, "bikes": 14, "free": 4}
,{ "id": 183, "bikes": 9, "free": 9}
,{ "id": 184, "bikes": 18, "free": 3}
,{ "id": 185, "bikes": 4, "free": 19}
,{ "id": 186, "bikes": 0, "free": 16}
,{ "id": 187, "bikes": 6, "free": 52}
,{ "id": 188, "bikes": 14, "free": 42}
,{ "id": 189, "bikes": 13, "free": 17}
,{ "id": 190, "bikes": 13, "free": 4}
,{ "id": 191, "bikes": 27, "free": 0}
,{ "id": 192, "bikes": 0, "free": 24}
,{ "id": 193, "bikes": 11, "free": 2}
,{ "id": 194, "bikes": 14, "free": 2}
,{ "id": 195, "bikes": 8, "free": 27}
,{ "id": 196, "bikes": 2, "free": 12}
,{ "id": 197, "bikes": 11, "free": 8}
,{ "id": 198, "bikes": 15, "free": 2}
,{ "id": 199, "bikes": 16, "free": 2}
,{ "id": 200, "bikes": 10, "free": 8}
,{ "id": 201, "bikes": 6, "free": 14}
,{ "id": 202, "bikes": 13, "free": 17}
,{ "id": 203, "bikes": 4, "free": 17}
,{ "id": 204, "bikes": 33, "free": 1}
,{ "id": 205, "bikes": 0, "free": 17}
,{ "id": 206, "bikes": 0, "free": 34}
,{ "id": 207, "bikes": 15, "free": 14}
,{ "id": 208, "bikes": 0, "free": 54}
,{ "id": 209, "bikes": 14, "free": 16}
,{ "id": 210, "bikes": 2, "free": 12}
,{ "id": 211, "bikes": 14, "free": 6}
,{ "id": 212, "bikes": 12, "free": 16}
,{ "id": 213, "bikes": 11, "free": 14}
,{ "id": 214, "bikes": 9, "free": 6}
,{ "id": 215, "bikes": 8, "free": 35}
,{ "id": 216, "bikes": 16, "free": 7}
,{ "id": 217, "bikes": 13, "free": 2}
,{ "id": 218, "bikes": 14, "free": 14}
,{ "id": 219, "bikes": 0, "free": 24}
,{ "id": 220, "bikes": 23, "free": 0}
,{ "id": 221, "bikes": 2, "free": 37}
,{ "id": 222, "bikes": 5, "free": 16}
,{ "id": 223, "bikes": 10, "free": 21}
,{ "id": 224, "bikes": 25, "free": 6}
,{ "id": 225, "bikes": 1, "free": 14}
,{ "id": 226, "bikes": 0, "free": 21}
,{ "id": 227, "bikes": 18, "free": 4}
,{ "id": 228, "bikes": 34, "free": 2}
,{ "id": 229, "bikes": 9, "free": 21}
,{ "id": 230, "bikes": 41, "free": 10}
,{ "id": 231, "bikes": 16, "free": 15}
,{ "id": 232, "bikes": 9, "free": 16}
,{ "id": 233, "bikes": 8, "free": 7}
,{ "id": 234, "bikes": 9, "free": 12}
,{ "id": 235, "bikes": 21, "free": 4}
,{ "id": 236, "bikes": 4, "free": 12}
,{ "id": 237, "bikes": 14, "free": 14}
,{ "id": 238, "bikes": 2, "free": 38}
,{ "id": 239, "bikes": 37, "free": 12}
,{ "id": 240, "bikes": 0, "free": 26}
,{ "id": 241, "bikes": 23, "free": 18}
,{ "id": 242, "bikes": 10, "free": 0}
,{ "id": 243, "bikes": 0, "free": 32}
,{ "id": 244, "bikes": 13, "free": 17}
,{ "id": 245, "bikes": 25, "free": 5}
,{ "id": 246, "bikes": 5, "free": 12}
,{ "id": 247, "bikes": 20, "free": 2}
,{ "id": 248, "bikes": 0, "free": 15}
,{ "id": 249, "bikes": 9, "free": 7}
,{ "id": 250, "bikes": 0, "free": 23}
,{ "id": 251, "bikes": 7, "free": 21}
,{ "id": 252, "bikes": 0, "free": 17}
,{ "id": 253, "bikes": 8, "free": 8}
,{ "id": 254, "bikes": 29, "free": 5}
,{ "id": 255, "bikes": 0, "free": 20}
,{ "id": 256, "bikes": 7, "free": 12}
,{ "id": 257, "bikes": 17, "free": 0}
,{ "id": 258, "bikes": 0, "free": 19}
,{ "id": 259, "bikes": 21, "free": 1}
,{ "id": 260, "bikes": 27, "free": 2}
,{ "id": 261, "bikes": 24, "free": 22}
,{ "id": 262, "bikes": 30, "free": 6}
,{ "id": 263, "bikes": 16, "free": 16}
,{ "id": 264, "bikes": 9, "free": 13}
,{ "id": 265, "bikes": 24, "free": 13}
,{ "id": 266, "bikes": 15, "free": 21}
,{ "id": 267, "bikes": 0, "free": 18}
,{ "id": 268, "bikes": 4, "free": 20}
,{ "id": 269, "bikes": 0, "free": 16}
,{ "id": 270, "bikes": 12, "free": 2}
,{ "id": 271, "bikes": 5, "free": 19}
,{ "id": 272, "bikes": 3, "free": 7}
,{ "id": 273, "bikes": 1, "free": 17}
,{ "id": 274, "bikes": 40, "free": 1}
,{ "id": 275, "bikes": 0, "free": 16}
,{ "id": 276, "bikes": 4, "free": 16}
,{ "id": 277, "bikes": 28, "free": 7}
,{ "id": 278, "bikes": 2, "free": 21}
,{ "id": 279, "bikes": 31, "free": 3}
,{ "id": 280, "bikes": 0, "free": 15}
,{ "id": 281, "bikes": 15, "free": 0}
,{ "id": 282, "bikes": 16, "free": 3}
,{ "id": 283, "bikes": 0, "free": 13}
,{ "id": 284, "bikes": 6, "free": 18}
,{ "id": 285, "bikes": 14, "free": 2}
,{ "id": 286, "bikes": 20, "free": 7}
,{ "id": 287, "bikes": 8, "free": 10}
,{ "id": 288, "bikes": 13, "free": 4}
,{ "id": 289, "bikes": 20, "free": 1}
,{ "id": 290, "bikes": 19, "free": 0}
,{ "id": 291, "bikes": 0, "free": 16}
,{ "id": 292, "bikes": 0, "free": 24}
,{ "id": 293, "bikes": 0, "free": 28}
,{ "id": 294, "bikes": 8, "free": 9}
,{ "id": 295, "bikes": 10, "free": 5}
,{ "id": 296, "bikes": 1, "free": 15}
,{ "id": 297, "bikes": 19, "free": 2}
,{ "id": 298, "bikes": 19, "free": 1}
,{ "id": 299, "bikes": 0, "free": 41}
,{ "id": 300, "bikes": 17, "free": 2}
,{ "id": 301, "bikes": 1, "free": 23}
,{ "id": 302, "bikes": 12, "free": 8}
,{ "id": 303, "bikes": 0, "free": 37}
,{ "id": 304, "bikes": 35, "free": 1}
,{ "id": 305, "bikes": 6, "free": 10}
,{ "id": 306, "bikes": 21, "free": 3}
,{ "id": 307, "bikes": 19, "free": 12}
,{ "id": 308, "bikes": 0, "free": 18}
,{ "id": 309, "bikes": 1, "free": 19}
,{ "id": 310, "bikes": 12, "free": 14}
,{ "id": 311, "bikes": 24, "free": 0}
,{ "id": 312, "bikes": 19, "free": 7}
,{ "id": 313, "bikes": 1, "free": 23}
,{ "id": 314, "bikes": 11, "free": 4}
,{ "id": 315, "bikes": 1, "free": 17}
,{ "id": 316, "bikes": 17, "free": 9}
,{ "id": 317, "bikes": 8, "free": 14}
,{ "id": 318, "bikes": 19, "free": 3}
,{ "id": 319, "bikes": 16, "free": 8}
,{ "id": 320, "bikes": 5, "free": 29}
,{ "id": 321, "bikes": 0, "free": 29}
,{ "id": 322, "bikes": 18, "free": 2}
,{ "id": 323, "bikes": 14, "free": 23}
,{ "id": 324, "bikes": 0, "free": 9}
,{ "id": 325, "bikes": 1, "free": 30}
,{ "id": 326, "bikes": 14, "free": 4}
,{ "id": 327, "bikes": 4, "free": 12}
,{ "id": 328, "bikes": 0, "free": 14}
,{ "id": 329, "bikes": 20, "free": 5}
,{ "id": 330, "bikes": 0, "free": 14}
,{ "id": 331, "bikes": 5, "free": 17}
,{ "id": 332, "bikes": 21, "free": 14}
,{ "id": 333, "bikes": 0, "free": 16}
,{ "id": 334, "bikes": 10, "free": 7}
,{ "id": 335, "bikes": 10, "free": 7}
,{ "id": 336, "bikes": 0, "free": 17}
,{ "id": 337, "bikes": 4, "free": 14}
,{ "id": 338, "bikes": 12, "free": 6}
,{ "id": 339, "bikes": 12, "free": 16}
,{ "id": 340, "bikes": 17, "free": 2}
,{ "id": 341, "bikes": 12, "free": 5}
,{ "id": 342, "bikes": 6, "free": 31}
,{ "id": 343, "bikes": 20, "free": 1}
,{ "id": 344, "bikes": 0, "free": 14}
,{ "id": 345, "bikes": 1, "free": 29}
,{ "id": 346, "bikes": 3, "free": 13}
,{ "id": 347, "bikes": 8, "free": 10}
,{ "id": 348, "bikes": 18, "free": 10}
,{ "id": 349, "bikes": 50, "free": 1}
,{ "id": 350, "bikes": 14, "free": 43}
,{ "id": 351, "bikes": 6, "free": 18}
,{ "id": 352, "bikes": 0, "free": 40}
,{ "id": 353, "bikes": 21, "free": 26}
,{ "id": 354, "bikes": 0, "free": 27}
,{ "id": 355, "bikes": 5, "free": 11}
,{ "id": 356, "bikes": 15, "free": 9}
,{ "id": 357, "bikes": 1, "free": 18}
,{ "id": 358, "bikes": 17, "free": 3}
,{ "id": 359, "bikes": 9, "free": 13}
,{ "id": 360, "bikes": 1, "free": 23}
,{ "id": 361, "bikes": 0, "free": 18}
,{ "id": 362, "bikes": 21, "free": 7}
,{ "id": 363, "bikes": 14, "free": 3}
,{ "id": 364, "bikes": 3, "free": 21}
,{ "id": 365, "bikes": 8, "free": 7}
,{ "id": 366, "bikes": 20, "free": 22}
,{ "id": 367, "bikes": 14, "free": 7}
,{ "id": 368, "bikes": 0, "free": 21}
,{ "id": 369, "bikes": 0, "free": 13}
,{ "id": 370, "bikes": 1, "free": 13}
,{ "id": 371, "bikes": 2, "free": 15}
,{ "id": 372, "bikes": 6, "free": 9}
,{ "id": 373, "bikes": 0, "free": 16}
,{ "id": 374, "bikes": 9, "free": 21}
,{ "id": 375, "bikes": 3, "free": 10}
,{ "id": 376, "bikes": 0, "free": 17}
,{ "id": 377, "bikes": 14, "free": 27}
,{ "id": 378, "bikes": 3, "free": 22}
,{ "id": 379, "bikes": 0, "free": 21}
,{ "id": 380, "bikes": 0, "free": 15}
,{ "id": 381, "bikes": 17, "free": 0}
,{ "id": 382, "bikes": 7, "free": 7}
,{ "id": 383, "bikes": 3, "free": 11}
,{ "id": 384, "bikes": 16, "free": 0}
,{ "id": 385, "bikes": 14, "free": 16}
,{ "id": 386, "bikes": 4, "free": 20}
,{ "id": 387, "bikes": 1, "free": 26}
,{ "id": 388, "bikes": 19, "free": 4}
,{ "id": 389, "bikes": 6, "free": 9}
,{ "id": 390, "bikes": 3, "free": 13}
,{ "id": 391, "bikes": 0, "free": 15}
,{ "id": 392, "bikes": 7, "free": 8}
,{ "id": 393, "bikes": 14, "free": 9}
,{ "id": 394, "bikes": 10, "free": 10}
,{ "id": 395, "bikes": 19, "free": 21}
,{ "id": 396, "bikes": 21, "free": 0}
,{ "id": 397, "bikes": 23, "free": 40}
,{ "id": 398, "bikes": 28, "free": 1}
,{ "id": 399, "bikes": 14, "free": 3}
,{ "id": 400, "bikes": 9, "free": 6}
,{ "id": 401, "bikes": 32, "free": 5}
,{ "id": 402, "bikes": 20, "free": 24}
,{ "id": 403, "bikes": 18, "free": 13}
,{ "id": 404, "bikes": 19, "free": 10}
,{ "id": 405, "bikes": 16, "free": 22}
,{ "id": 406, "bikes": 14, "free": 1}
,{ "id": 407, "bikes": 0, "free": 43}
,{ "id": 408, "bikes": 1, "free": 19}
,{ "id": 409, "bikes": 12, "free": 5}
,{ "id": 410, "bikes": 11, "free": 9}
,{ "id": 411, "bikes": 0, "free": 21}
,{ "id": 412, "bikes": 1, "free": 31}
,{ "id": 413, "bikes": 20, "free": 1}
,{ "id": 414, "bikes": 0, "free": 36}
,{ "id": 415, "bikes": 24, "free": 3}
,{ "id": 416, "bikes": 16, "free": 5}
,{ "id": 417, "bikes": 31, "free": 1}
,{ "id": 418, "bikes": 22, "free": 1}
,{ "id": 419, "bikes": 11, "free": 11}
,{ "id": 420, "bikes": 13, "free": 16}
,{ "id": 421, "bikes": 19, "free": 5}
,{ "id": 422, "bikes": 21, "free": 6}
,{ "id": 423, "bikes": 10, "free": 17}
,{ "id": 424, "bikes": 19, "free": 35}
,{ "id": 425, "bikes": 1, "free": 34}
,{ "id": 426, "bikes": 16, "free": 19}
,{ "id": 427, "bikes": 19, "free": 9}
,{ "id": 428, "bikes": 16, "free": 0}
,{ "id": 429, "bikes": 5, "free": 19}
,{ "id": 430, "bikes": 13, "free": 11}
,{ "id": 431, "bikes": 13, "free": 7}
,{ "id": 432, "bikes": 0, "free": 17}
,{ "id": 433, "bikes": 22, "free": 11}
,{ "id": 434, "bikes": 28, "free": 1}
,{ "id": 435, "bikes": 27, "free": 1}
,{ "id": 436, "bikes": 10, "free": 7}
,{ "id": 437, "bikes": 14, "free": 19}
,{ "id": 438, "bikes": 19, "free": 6}
,{ "id": 439, "bikes": 42, "free": 3}
,{ "id": 440, "bikes": 14, "free": 7}
,{ "id": 441, "bikes": 13, "free": 12}
,{ "id": 442, "bikes": 16, "free": 12}
,{ "id": 443, "bikes": 2, "free": 17}
,{ "id": 444, "bikes": 5, "free": 11}
,{ "id": 445, "bikes": 3, "free": 20}
,{ "id": 446, "bikes": 18, "free": 26}
,{ "id": 447, "bikes": 28, "free": 18}
,{ "id": 448, "bikes": 10, "free": 9}
,{ "id": 449, "bikes": 11, "free": 10}
,{ "id": 450, "bikes": 11, "free": 8}
,{ "id": 451, "bikes": 9, "free": 30}
,{ "id": 452, "bikes": 30, "free": 26}
,{ "id": 453, "bikes": 26, "free": 3}
,{ "id": 454, "bikes": 15, "free": 19}
,{ "id": 455, "bikes": 14, "free": 3}
,{ "id": 456, "bikes": 17, "free": 3}
,{ "id": 457, "bikes": 21, "free": 4}
,{ "id": 458, "bikes": 23, "free": 12}
,{ "id": 459, "bikes": 21, "free": 5}
,{ "id": 460, "bikes": 12, "free": 21}
,{ "id": 461, "bikes": 12, "free": 12}
,{ "id": 462, "bikes": 14, "free": 10}
,{ "id": 463, "bikes": 30, "free": 7}
,{ "id": 464, "bikes": 14, "free": 8}
,{ "id": 465, "bikes": 22, "free": 0}
,{ "id": 466, "bikes": 24, "free": 10}
,{ "id": 467, "bikes": 24, "free": 21}
,{ "id": 468, "bikes": 26, "free": 19}
,{ "id": 469, "bikes": 20, "free": 43}
,{ "id": 470, "bikes": 29, "free": 7}
,{ "id": 471, "bikes": 36, "free": 3}
,{ "id": 472, "bikes": 24, "free": 15}
,{ "id": 473, "bikes": 23, "free": 4}
,{ "id": 474, "bikes": 16, "free": 26}
,{ "id": 475, "bikes": 22, "free": 13}
,{ "id": 476, "bikes": 3, "free": 40}
,{ "id": 477, "bikes": 7, "free": 17}
,{ "id": 478, "bikes": 37, "free": 23}
,{ "id": 479, "bikes": 25, "free": 11}
,{ "id": 480, "bikes": 7, "free": 23}
,{ "id": 481, "bikes": 0, "free": 29}
,{ "id": 482, "bikes": 0, "free": 21}
,{ "id": 483, "bikes": 21, "free": 10}
,{ "id": 484, "bikes": 0, "free": 17}
,{ "id": 485, "bikes": 1, "free": 17}
,{ "id": 486, "bikes": 33, "free": 5}
,{ "id": 487, "bikes": 28, "free": 4}
,{ "id": 488, "bikes": 27, "free": 3}
,{ "id": 489, "bikes": 9, "free": 41}
,{ "id": 490, "bikes": 0, "free": 17}
,{ "id": 491, "bikes": 11, "free": 13}
,{ "id": 492, "bikes": 14, "free": 4}
,{ "id": 493, "bikes": 15, "free": 3}
,{ "id": 494, "bikes": 23, "free": 7}
,{ "id": 495, "bikes": 9, "free": 24}
,{ "id": 496, "bikes": 12, "free": 9}
,{ "id": 497, "bikes": 5, "free": 14}
,{ "id": 498, "bikes": 8, "free": 28}
,{ "id": 499, "bikes": 12, "free": 12}
,{ "id": 500, "bikes": 23, "free": 13}
,{ "id": 501, "bikes": 0, "free": 17}
,{ "id": 502, "bikes": 7, "free": 20}
,{ "id": 503, "bikes": 17, "free": 3}
,{ "id": 504, "bikes": 0, "free": 16}
,{ "id": 505, "bikes": 0, "free": 17}
,{ "id": 506, "bikes": 4, "free": 13}
,{ "id": 507, "bikes": 16, "free": 5}
,{ "id": 508, "bikes": 6, "free": 57}
,{ "id": 509, "bikes": 28, "free": 4}
,{ "id": 510, "bikes": 19, "free": 8}
,{ "id": 511, "bikes": 12, "free": 11}
,{ "id": 512, "bikes": 28, "free": 6}
,{ "id": 513, "bikes": 17, "free": 1}
,{ "id": 514, "bikes": 13, "free": 5}
,{ "id": 515, "bikes": 21, "free": 1}
,{ "id": 516, "bikes": 11, "free": 15}
,{ "id": 517, "bikes": 0, "free": 28}
,{ "id": 518, "bikes": 23, "free": 10}
,{ "id": 519, "bikes": 8, "free": 13}
,{ "id": 520, "bikes": 9, "free": 13}
,{ "id": 521, "bikes": 14, "free": 7}
,{ "id": 522, "bikes": 0, "free": 20}
,{ "id": 523, "bikes": 44, "free": 4}
,{ "id": 524, "bikes": 17, "free": 8}
,{ "id": 525, "bikes": 42, "free": 2}
,{ "id": 526, "bikes": 4, "free": 19}
,{ "id": 527, "bikes": 22, "free": 16}
,{ "id": 528, "bikes": 5, "free": 22}
,{ "id": 529, "bikes": 20, "free": 2}
,{ "id": 530, "bikes": 15, "free": 0}
,{ "id": 531, "bikes": 13, "free": 42}
,{ "id": 532, "bikes": 9, "free": 18}
,{ "id": 533, "bikes": 1, "free": 19}
,{ "id": 534, "bikes": 2, "free": 19}
,{ "id": 535, "bikes": 6, "free": 17}
,{ "id": 536, "bikes": 11, "free": 10}
,{ "id": 537, "bikes": 11, "free": 11}
,{ "id": 538, "bikes": 1, "free": 20}
,{ "id": 539, "bikes": 17, "free": 9}
,{ "id": 540, "bikes": 0, "free": 41}
,{ "id": 541, "bikes": 10, "free": 7}
,{ "id": 542, "bikes": 24, "free": 18}
,{ "id": 543, "bikes": 14, "free": 3}
,{ "id": 544, "bikes": 21, "free": 1}
,{ "id": 545, "bikes": 15, "free": 20}
,{ "id": 546, "bikes": 20, "free": 9}
,{ "id": 547, "bikes": 29, "free": 6}
,{ "id": 548, "bikes": 14, "free": 4}
,{ "id": 549, "bikes": 42, "free": 3}
,{ "id": 550, "bikes": 15, "free": 8}
,{ "id": 551, "bikes": 11, "free": 8}
,{ "id": 552, "bikes": 21, "free": 11}
,{ "id": 553, "bikes": 2, "free": 32}
,{ "id": 554, "bikes": 33, "free": 2}
,{ "id": 555, "bikes": 5, "free": 13}
,{ "id": 556, "bikes": 0, "free": 20}
,{ "id": 557, "bikes": 12, "free": 8}
,{ "id": 558, "bikes": 17, "free": 14}
,{ "id": 559, "bikes": 9, "free": 13}
,{ "id": 560, "bikes": 8, "free": 19}
,{ "id": 561, "bikes": 14, "free": 4}
,{ "id": 562, "bikes": 20, "free": 6}
,{ "id": 563, "bikes": 18, "free": 7}
,{ "id": 564, "bikes": 9, "free": 11}
,{ "id": 565, "bikes": 13, "free": 8}
,{ "id": 566, "bikes": 0, "free": 33}
,{ "id": 567, "bikes": 7, "free": 14}
,{ "id": 568, "bikes": 4, "free": 17}
,{ "id": 569, "bikes": 25, "free": 2}
,{ "id": 570, "bikes": 4, "free": 34}
,{ "id": 571, "bikes": 12, "free": 15}
,{ "id": 572, "bikes": 17, "free": 4}
,{ "id": 573, "bikes": 17, "free": 18}
,{ "id": 574, "bikes": 33, "free": 9}
,{ "id": 575, "bikes": 40, "free": 1}
,{ "id": 576, "bikes": 3, "free": 15}
,{ "id": 577, "bikes": 6, "free": 20}
,{ "id": 578, "bikes": 18, "free": 3}
,{ "id": 579, "bikes": 2, "free": 28}
,{ "id": 580, "bikes": 12, "free": 7}
,{ "id": 581, "bikes": 18, "free": 2}
,{ "id": 582, "bikes": 7, "free": 12}
,{ "id": 583, "bikes": 30, "free": 0}
,{ "id": 584, "bikes": 26, "free": 14}
,{ "id": 585, "bikes": 17, "free": 1}
,{ "id": 586, "bikes": 20, "free": 4}
,{ "id": 587, "bikes": 7, "free": 14}
,{ "id": 588, "bikes": 18, "free": 4}
,{ "id": 589, "bikes": 15, "free": 28}
,{ "id": 590, "bikes": 20, "free": 8}
,{ "id": 591, "bikes": 15, "free": 18}
,{ "id": 592, "bikes": 14, "free": 14}
,{ "id": 593, "bikes": 21, "free": 0}
,{ "id": 594, "bikes": 36, "free": 4}
,{ "id": 595, "bikes": 25, "free": 2}
,{ "id": 596, "bikes": 15, "free": 8}
,{ "id": 597, "bikes": 6, "free": 14}
,{ "id": 598, "bikes": 18, "free": 8}
,{ "id": 599, "bikes": 24, "free": 2}
,{ "id": 600, "bikes": 24, "free": 4}
,{ "id": 601, "bikes": 17, "free": 9}
,{ "id": 602, "bikes": 15, "free": 12}
,{ "id": 603, "bikes": 15, "free": 16}
,{ "id": 604, "bikes": 3, "free": 30}
,{ "id": 605, "bikes": 25, "free": 12}
,{ "id": 606, "bikes": 18, "free": 9}
,{ "id": 607, "bikes": 11, "free": 13}
,{ "id": 608, "bikes": 25, "free": 2}
,{ "id": 609, "bikes": 26, "free": 1}
,{ "id": 610, "bikes": 25, "free": 3}
,{ "id": 611, "bikes": 1, "free": 20}
,{ "id": 612, "bikes": 25, "free": 11}
,{ "id": 613, "bikes": 8, "free": 14}
,{ "id": 614, "bikes": 20, "free": 16}
,{ "id": 615, "bikes": 6, "free": 15}
,{ "id": 616, "bikes": 4, "free": 12}
,{ "id": 617, "bikes": 11, "free": 16}
,{ "id": 618, "bikes": 9, "free": 19}
,{ "id": 619, "bikes": 16, "free": 5}
,{ "id": 620, "bikes": 18, "free": 4}
,{ "id": 621, "bikes": 1, "free": 24}
,{ "id": 622, "bikes": 24, "free": 5}
,{ "id": 623, "bikes": 17, "free": 7}
,{ "id": 624, "bikes": 29, "free": 4}
,{ "id": 625, "bikes": 9, "free": 18}
,{ "id": 626, "bikes": 15, "free": 14}
,{ "id": 627, "bikes": 15, "free": 5}
,{ "id": 628, "bikes": 26, "free": 4}
,{ "id": 629, "bikes": 48, "free": 7}
,{ "id": 630, "bikes": 18, "free": 4}
,{ "id": 631, "bikes": 22, "free": 14}
,{ "id": 632, "bikes": 9, "free": 15}
,{ "id": 633, "bikes": 5, "free": 19}
,{ "id": 634, "bikes": 15, "free": 7}
,{ "id": 635, "bikes": 16, "free": 12}
,{ "id": 636, "bikes": 15, "free": 23}
,{ "id": 637, "bikes": 9, "free": 23}
,{ "id": 638, "bikes": 8, "free": 18}
,{ "id": 639, "bikes": 30, "free": 7}
,{ "id": 640, "bikes": 22, "free": 6}
,{ "id": 641, "bikes": 14, "free": 42}
,{ "id": 642, "bikes": 16, "free": 12}
,{ "id": 643, "bikes": 18, "free": 16}
,{ "id": 644, "bikes": 18, "free": 22}
,{ "id": 645, "bikes": 15, "free": 15}
,{ "id": 646, "bikes": 30, "free": 4}
,{ "id": 647, "bikes": 21, "free": 6}
,{ "id": 648, "bikes": 9, "free": 19}
,{ "id": 649, "bikes": 14, "free": 11}
,{ "id": 650, "bikes": 25, "free": 3}
,{ "id": 651, "bikes": 32, "free": 14}
,{ "id": 652, "bikes": 17, "free": 29}
,{ "id": 653, "bikes": 22, "free": 5}
,{ "id": 654, "bikes": 21, "free": 10}
,{ "id": 655, "bikes": 19, "free": 10}
,{ "id": 656, "bikes": 14, "free": 12}
,{ "id": 657, "bikes": 26, "free": 0}
,{ "id": 658, "bikes": 20, "free": 8}
,{ "id": 659, "bikes": 16, "free": 14}
,{ "id": 660, "bikes": 17, "free": 7}
,{ "id": 661, "bikes": 16, "free": 5}
,{ "id": 662, "bikes": 20, "free": 2}
,{ "id": 663, "bikes": 11, "free": 6}
,{ "id": 664, "bikes": 8, "free": 8}
,{ "id": 665, "bikes": 14, "free": 3}
,{ "id": 666, "bikes": 9, "free": 11}
,{ "id": 667, "bikes": 13, "free": 11}
,{ "id": 668, "bikes": 8, "free": 27}
,{ "id": 669, "bikes": 19, "free": 20}
,{ "id": 670, "bikes": 5, "free": 18}
,{ "id": 671, "bikes": 10, "free": 18}
,{ "id": 672, "bikes": 19, "free": 5}
,{ "id": 673, "bikes": 0, "free": 24}
,{ "id": 674, "bikes": 2, "free": 16}
,{ "id": 675, "bikes": 6, "free": 16}
,{ "id": 676, "bikes": 12, "free": 16}
,{ "id": 677, "bikes": 6, "free": 26}
,{ "id": 678, "bikes": 26, "free": 5}
,{ "id": 679, "bikes": 13, "free": 9}
,{ "id": 680, "bikes": 16, "free": 3}
,{ "id": 681, "bikes": 18, "free": 13}
,{ "id": 682, "bikes": 16, "free": 6}
,{ "id": 683, "bikes": 14, "free": 8}
,{ "id": 684, "bikes": 19, "free": 9}
,{ "id": 685, "bikes": 18, "free": 3}
,{ "id": 686, "bikes": 10, "free": 14}
,{ "id": 687, "bikes": 29, "free": 14}
,{ "id": 688, "bikes": 14, "free": 31}
,{ "id": 689, "bikes": 30, "free": 3}
,{ "id": 690, "bikes": 21, "free": 3}
,{ "id": 691, "bikes": 11, "free": 7}
,{ "id": 692, "bikes": 12, "free": 7}
,{ "id": 693, "bikes": 16, "free": 31}
,{ "id": 694, "bikes": 4, "free": 24}
,{ "id": 695, "bikes": 19, "free": 9}
,{ "id": 696, "bikes": 7, "free": 15}
,{ "id": 697, "bikes": 11, "free": 12}
,{ "id": 698, "bikes": 8, "free": 21}
,{ "id": 699, "bikes": 11, "free": 13}
,{ "id": 700, "bikes": 13, "free": 5}
,{ "id": 701, "bikes": 24, "free": 12}
,{ "id": 702, "bikes": 17, "free": 2}
,{ "id": 703, "bikes": 0, "free": 18}
,{ "id": 704, "bikes": 6, "free": 25}
,{ "id": 705, "bikes": 24, "free": 10}
,{ "id": 706, "bikes": 9, "free": 19}
,{ "id": 707, "bikes": 19, "free": 5}
,{ "id": 708, "bikes": 20, "free": 16}
,{ "id": 709, "bikes": 16, "free": 12}
,{ "id": 710, "bikes": 16, "free": 10}
,{ "id": 711, "bikes": 9, "free": 14}
,{ "id": 712, "bikes": 12, "free": 8}
,{ "id": 713, "bikes": 12, "free": 17}
,{ "id": 714, "bikes": 20, "free": 10}
,{ "id": 715, "bikes": 8, "free": 21}
,{ "id": 716, "bikes": 16, "free": 6}
,{ "id": 717, "bikes": 4, "free": 20}
,{ "id": 718, "bikes": 22, "free": 3}
,{ "id": 719, "bikes": 28, "free": 9}
,{ "id": 720, "bikes": 18, "free": 8}
,{ "id": 721, "bikes": 2, "free": 22}
,{ "id": 722, "bikes": 5, "free": 24}
,{ "id": 723, "bikes": 17, "free": 10}
,{ "id": 724, "bikes": 11, "free": 13}
,{ "id": 725, "bikes": 13, "free": 10}
,{ "id": 726, "bikes": 4, "free": 16}
,{ "id": 727, "bikes": 8, "free": 15}
,{ "id": 728, "bikes": 6, "free": 17}
,{ "id": 729, "bikes": 10, "free": 8}
,{ "id": 730, "bikes": 0, "free": 18}
,{ "id": 731, "bikes": 12, "free": 15}
,{ "id": 732, "bikes": 11, "free": 22}
,{ "id": 733, "bikes": 11, "free": 19}

]
}