{ "city": "Chicago, IL", "time": 1395309504 
, "stations": [
{ "id": 0, "bikes": 3, "free": 16}
,{ "id": 1, "bikes": 5, "free": 14}
,{ "id": 2, "bikes": 9, "free": 6}
,{ "id": 3, "bikes": 10, "free": 5}
,{ "id": 4, "bikes": 7, "free": 4}
,{ "id": 5, "bikes": 9, "free": 6}
,{ "id": 6, "bikes": 10, "free": 5}
,{ "id": 7, "bikes": 6, "free": 9}
,{ "id": 8, "bikes": 9, "free": 6}
,{ "id": 9, "bikes": 9, "free": 6}
,{ "id": 10, "bikes": 9, "free": 6}
,{ "id": 11, "bikes": 8, "free": 7}
,{ "id": 12, "bikes": 20, "free": 3}
,{ "id": 13, "bikes": 12, "free": 19}
,{ "id": 14, "bikes": 10, "free": 9}
,{ "id": 15, "bikes": 12, "free": 3}
,{ "id": 16, "bikes": 6, "free": 8}
,{ "id": 17, "bikes": 12, "free": 3}
,{ "id": 18, "bikes": 9, "free": 14}
,{ "id": 19, "bikes": 11, "free": 8}
,{ "id": 20, "bikes": 6, "free": 21}
,{ "id": 21, "bikes": 7, "free": 8}
,{ "id": 22, "bikes": 15, "free": 24}
,{ "id": 23, "bikes": 4, "free": 27}
,{ "id": 24, "bikes": 5, "free": 14}
,{ "id": 25, "bikes": 6, "free": 8}
,{ "id": 26, "bikes": 17, "free": 25}
,{ "id": 27, "bikes": 7, "free": 20}
,{ "id": 28, "bikes": 6, "free": 9}
,{ "id": 29, "bikes": 9, "free": 9}
,{ "id": 30, "bikes": 8, "free": 11}
,{ "id": 31, "bikes": 7, "free": 20}
,{ "id": 32, "bikes": 2, "free": 21}
,{ "id": 33, "bikes": 22, "free": 5}
,{ "id": 34, "bikes": 7, "free": 23}
,{ "id": 35, "bikes": 3, "free": 20}
,{ "id": 36, "bikes": 3, "free": 16}
,{ "id": 37, "bikes": 9, "free": 10}
,{ "id": 38, "bikes": 2, "free": 13}
,{ "id": 39, "bikes": 12, "free": 6}
,{ "id": 40, "bikes": 6, "free": 9}
,{ "id": 41, "bikes": 10, "free": 5}
,{ "id": 42, "bikes": 8, "free": 11}
,{ "id": 43, "bikes": 10, "free": 9}
,{ "id": 44, "bikes": 10, "free": 5}
,{ "id": 45, "bikes": 15, "free": 12}
,{ "id": 46, "bikes": 11, "free": 7}
,{ "id": 47, "bikes": 5, "free": 10}
,{ "id": 48, "bikes": 16, "free": 7}
,{ "id": 49, "bikes": 8, "free": 11}
,{ "id": 50, "bikes": 9, "free": 6}
,{ "id": 51, "bikes": 9, "free": 5}
,{ "id": 52, "bikes": 13, "free": 6}
,{ "id": 53, "bikes": 19, "free": 4}
,{ "id": 54, "bikes": 30, "free": 5}
,{ "id": 55, "bikes": 2, "free": 9}
,{ "id": 56, "bikes": 17, "free": 6}
,{ "id": 57, "bikes": 9, "free": 10}
,{ "id": 58, "bikes": 6, "free": 41}
,{ "id": 59, "bikes": 14, "free": 5}
,{ "id": 60, "bikes": 7, "free": 8}
,{ "id": 61, "bikes": 7, "free": 8}
,{ "id": 62, "bikes": 10, "free": 9}
,{ "id": 63, "bikes": 9, "free": 6}
,{ "id": 64, "bikes": 16, "free": 19}
,{ "id": 65, "bikes": 26, "free": 5}
,{ "id": 66, "bikes": 11, "free": 8}
,{ "id": 67, "bikes": 9, "free": 6}
,{ "id": 68, "bikes": 11, "free": 7}
,{ "id": 69, "bikes": 11, "free": 20}
,{ "id": 70, "bikes": 4, "free": 10}
,{ "id": 71, "bikes": 12, "free": 7}
,{ "id": 72, "bikes": 7, "free": 16}
,{ "id": 73, "bikes": 7, "free": 20}
,{ "id": 74, "bikes": 15, "free": 4}
,{ "id": 75, "bikes": 4, "free": 14}
,{ "id": 76, "bikes": 19, "free": 3}
,{ "id": 77, "bikes": 11, "free": 8}
,{ "id": 78, "bikes": 10, "free": 5}
,{ "id": 79, "bikes": 8, "free": 7}
,{ "id": 80, "bikes": 12, "free": 14}
,{ "id": 81, "bikes": 7, "free": 16}
,{ "id": 82, "bikes": 9, "free": 6}
,{ "id": 83, "bikes": 4, "free": 15}
,{ "id": 84, "bikes": 8, "free": 11}
,{ "id": 85, "bikes": 10, "free": 8}
,{ "id": 86, "bikes": 3, "free": 12}
,{ "id": 87, "bikes": 7, "free": 7}
,{ "id": 88, "bikes": 4, "free": 11}
,{ "id": 89, "bikes": 8, "free": 7}
,{ "id": 90, "bikes": 10, "free": 5}
,{ "id": 91, "bikes": 7, "free": 8}
,{ "id": 92, "bikes": 9, "free": 5}
,{ "id": 93, "bikes": 9, "free": 6}
,{ "id": 94, "bikes": 8, "free": 7}
,{ "id": 95, "bikes": 9, "free": 6}
,{ "id": 96, "bikes": 11, "free": 4}
,{ "id": 97, "bikes": 5, "free": 10}
,{ "id": 98, "bikes": 10, "free": 8}
,{ "id": 99, "bikes": 6, "free": 5}
,{ "id": 100, "bikes": 7, "free": 8}
,{ "id": 101, "bikes": 7, "free": 8}
,{ "id": 102, "bikes": 4, "free": 11}
,{ "id": 103, "bikes": 10, "free": 9}
,{ "id": 104, "bikes": 12, "free": 10}
,{ "id": 105, "bikes": 13, "free": 2}
,{ "id": 106, "bikes": 9, "free": 6}
,{ "id": 107, "bikes": 7, "free": 4}
,{ "id": 108, "bikes": 6, "free": 9}
,{ "id": 109, "bikes": 6, "free": 5}
,{ "id": 110, "bikes": 4, "free": 7}
,{ "id": 111, "bikes": 5, "free": 6}
,{ "id": 112, "bikes": 10, "free": 5}
,{ "id": 113, "bikes": 13, "free": 5}
,{ "id": 114, "bikes": 5, "free": 10}
,{ "id": 115, "bikes": 14, "free": 1}
,{ "id": 116, "bikes": 12, "free": 3}
,{ "id": 117, "bikes": 5, "free": 10}
,{ "id": 118, "bikes": 4, "free": 7}
,{ "id": 119, "bikes": 8, "free": 7}
,{ "id": 120, "bikes": 7, "free": 8}
,{ "id": 121, "bikes": 9, "free": 6}
,{ "id": 122, "bikes": 6, "free": 16}
,{ "id": 123, "bikes": 6, "free": 13}
,{ "id": 124, "bikes": 8, "free": 6}
,{ "id": 125, "bikes": 5, "free": 6}
,{ "id": 126, "bikes": 13, "free": 6}
,{ "id": 127, "bikes": 10, "free": 5}
,{ "id": 128, "bikes": 9, "free": 6}
,{ "id": 129, "bikes": 6, "free": 5}
,{ "id": 130, "bikes": 7, "free": 8}
,{ "id": 131, "bikes": 17, "free": 5}
,{ "id": 132, "bikes": 13, "free": 6}
,{ "id": 133, "bikes": 5, "free": 14}
,{ "id": 134, "bikes": 10, "free": 4}
,{ "id": 135, "bikes": 8, "free": 7}
,{ "id": 136, "bikes": 8, "free": 7}
,{ "id": 137, "bikes": 3, "free": 16}
,{ "id": 138, "bikes": 11, "free": 3}
,{ "id": 139, "bikes": 9, "free": 9}
,{ "id": 140, "bikes": 9, "free": 2}
,{ "id": 141, "bikes": 9, "free": 6}
,{ "id": 142, "bikes": 10, "free": 5}
,{ "id": 143, "bikes": 7, "free": 7}
,{ "id": 144, "bikes": 17, "free": 6}
,{ "id": 145, "bikes": 20, "free": 7}
,{ "id": 146, "bikes": 8, "free": 7}
,{ "id": 147, "bikes": 5, "free": 6}
,{ "id": 148, "bikes": 6, "free": 17}
,{ "id": 149, "bikes": 5, "free": 14}
,{ "id": 150, "bikes": 5, "free": 14}
,{ "id": 151, "bikes": 5, "free": 14}
,{ "id": 152, "bikes": 12, "free": 3}
,{ "id": 153, "bikes": 5, "free": 6}
,{ "id": 154, "bikes": 8, "free": 7}
,{ "id": 155, "bikes": 6, "free": 9}
,{ "id": 156, "bikes": 7, "free": 8}
,{ "id": 157, "bikes": 7, "free": 8}
,{ "id": 158, "bikes": 9, "free": 5}
,{ "id": 159, "bikes": 4, "free": 10}
,{ "id": 160, "bikes": 11, "free": 4}
,{ "id": 161, "bikes": 6, "free": 8}
,{ "id": 162, "bikes": 6, "free": 5}
,{ "id": 163, "bikes": 8, "free": 11}
,{ "id": 164, "bikes": 8, "free": 11}
,{ "id": 165, "bikes": 6, "free": 13}
,{ "id": 166, "bikes": 6, "free": 5}
,{ "id": 167, "bikes": 7, "free": 8}
,{ "id": 168, "bikes": 10, "free": 5}
,{ "id": 169, "bikes": 9, "free": 6}
,{ "id": 170, "bikes": 3, "free": 12}
,{ "id": 171, "bikes": 7, "free": 4}
,{ "id": 172, "bikes": 8, "free": 3}
,{ "id": 173, "bikes": 11, "free": 8}
,{ "id": 174, "bikes": 8, "free": 11}
,{ "id": 175, "bikes": 11, "free": 4}
,{ "id": 176, "bikes": 9, "free": 9}
,{ "id": 177, "bikes": 7, "free": 5}
,{ "id": 178, "bikes": 10, "free": 5}
,{ "id": 179, "bikes": 11, "free": 3}
,{ "id": 180, "bikes": 5, "free": 5}
,{ "id": 181, "bikes": 9, "free": 10}
,{ "id": 182, "bikes": 13, "free": 5}
,{ "id": 183, "bikes": 7, "free": 8}
,{ "id": 184, "bikes": 8, "free": 5}
,{ "id": 185, "bikes": 2, "free": 12}
,{ "id": 186, "bikes": 9, "free": 10}
,{ "id": 187, "bikes": 9, "free": 5}
,{ "id": 188, "bikes": 6, "free": 9}
,{ "id": 189, "bikes": 6, "free": 9}
,{ "id": 190, "bikes": 10, "free": 4}
,{ "id": 191, "bikes": 5, "free": 5}
,{ "id": 192, "bikes": 3, "free": 12}
,{ "id": 193, "bikes": 5, "free": 9}
,{ "id": 194, "bikes": 12, "free": 3}
,{ "id": 195, "bikes": 9, "free": 10}
,{ "id": 196, "bikes": 12, "free": 3}
,{ "id": 197, "bikes": 9, "free": 1}
,{ "id": 198, "bikes": 12, "free": 3}
,{ "id": 199, "bikes": 4, "free": 11}
,{ "id": 200, "bikes": 7, "free": 8}
,{ "id": 201, "bikes": 7, "free": 12}
,{ "id": 202, "bikes": 12, "free": 2}
,{ "id": 203, "bikes": 7, "free": 8}
,{ "id": 204, "bikes": 8, "free": 7}
,{ "id": 205, "bikes": 10, "free": 4}
,{ "id": 206, "bikes": 20, "free": 11}
,{ "id": 207, "bikes": 8, "free": 7}
,{ "id": 208, "bikes": 8, "free": 7}
,{ "id": 209, "bikes": 11, "free": 8}
,{ "id": 210, "bikes": 13, "free": 2}
,{ "id": 211, "bikes": 14, "free": 5}
,{ "id": 212, "bikes": 6, "free": 9}
,{ "id": 213, "bikes": 7, "free": 4}
,{ "id": 214, "bikes": 6, "free": 5}
,{ "id": 215, "bikes": 12, "free": 7}
,{ "id": 216, "bikes": 6, "free": 9}
,{ "id": 217, "bikes": 6, "free": 8}
,{ "id": 218, "bikes": 6, "free": 8}
,{ "id": 219, "bikes": 5, "free": 6}
,{ "id": 220, "bikes": 5, "free": 6}
,{ "id": 221, "bikes": 9, "free": 6}
,{ "id": 222, "bikes": 11, "free": 4}
,{ "id": 223, "bikes": 3, "free": 12}
,{ "id": 224, "bikes": 8, "free": 3}
,{ "id": 225, "bikes": 7, "free": 8}
,{ "id": 226, "bikes": 8, "free": 7}
,{ "id": 227, "bikes": 8, "free": 5}
,{ "id": 228, "bikes": 8, "free": 3}
,{ "id": 229, "bikes": 6, "free": 9}
,{ "id": 230, "bikes": 8, "free": 6}
,{ "id": 231, "bikes": 5, "free": 18}
,{ "id": 232, "bikes": 4, "free": 19}
,{ "id": 233, "bikes": 13, "free": 2}
,{ "id": 234, "bikes": 4, "free": 11}
,{ "id": 235, "bikes": 6, "free": 17}
,{ "id": 236, "bikes": 6, "free": 5}
,{ "id": 237, "bikes": 15, "free": 4}
,{ "id": 238, "bikes": 8, "free": 7}
,{ "id": 239, "bikes": 8, "free": 10}
,{ "id": 240, "bikes": 7, "free": 3}
,{ "id": 241, "bikes": 8, "free": 11}
,{ "id": 242, "bikes": 8, "free": 7}
,{ "id": 243, "bikes": 8, "free": 7}
,{ "id": 244, "bikes": 11, "free": 4}
,{ "id": 245, "bikes": 8, "free": 7}
,{ "id": 246, "bikes": 10, "free": 5}
,{ "id": 247, "bikes": 11, "free": 4}
,{ "id": 248, "bikes": 13, "free": 2}
,{ "id": 249, "bikes": 13, "free": 6}
,{ "id": 250, "bikes": 13, "free": 6}
,{ "id": 251, "bikes": 13, "free": 2}
,{ "id": 252, "bikes": 9, "free": 4}
,{ "id": 253, "bikes": 10, "free": 4}
,{ "id": 254, "bikes": 12, "free": 3}
,{ "id": 255, "bikes": 9, "free": 5}
,{ "id": 256, "bikes": 8, "free": 3}
,{ "id": 257, "bikes": 9, "free": 2}
,{ "id": 258, "bikes": 7, "free": 4}
,{ "id": 259, "bikes": 5, "free": 10}
,{ "id": 260, "bikes": 11, "free": 4}
,{ "id": 261, "bikes": 8, "free": 10}
,{ "id": 262, "bikes": 6, "free": 8}
,{ "id": 263, "bikes": 4, "free": 7}
,{ "id": 264, "bikes": 13, "free": 5}
,{ "id": 265, "bikes": 4, "free": 11}
,{ "id": 266, "bikes": 10, "free": 5}
,{ "id": 267, "bikes": 9, "free": 5}
,{ "id": 268, "bikes": 5, "free": 10}
,{ "id": 269, "bikes": 9, "free": 10}
,{ "id": 270, "bikes": 7, "free": 8}
,{ "id": 271, "bikes": 5, "free": 10}
,{ "id": 272, "bikes": 11, "free": 4}
,{ "id": 273, "bikes": 10, "free": 5}
,{ "id": 274, "bikes": 7, "free": 4}
,{ "id": 275, "bikes": 8, "free": 11}
,{ "id": 276, "bikes": 8, "free": 4}
,{ "id": 277, "bikes": 9, "free": 6}
,{ "id": 278, "bikes": 8, "free": 10}
,{ "id": 279, "bikes": 8, "free": 11}
,{ "id": 280, "bikes": 6, "free": 9}
,{ "id": 281, "bikes": 10, "free": 5}
,{ "id": 282, "bikes": 10, "free": 9}
,{ "id": 283, "bikes": 6, "free": 9}
,{ "id": 284, "bikes": 6, "free": 9}
,{ "id": 285, "bikes": 7, "free": 12}
,{ "id": 286, "bikes": 11, "free": 4}
,{ "id": 287, "bikes": 6, "free": 5}
,{ "id": 288, "bikes": 9, "free": 6}
,{ "id": 289, "bikes": 5, "free": 14}
,{ "id": 290, "bikes": 8, "free": 7}
,{ "id": 291, "bikes": 11, "free": 4}
,{ "id": 292, "bikes": 6, "free": 9}
,{ "id": 293, "bikes": 8, "free": 5}
,{ "id": 294, "bikes": 7, "free": 8}
,{ "id": 295, "bikes": 11, "free": 4}
,{ "id": 296, "bikes": 5, "free": 10}
,{ "id": 297, "bikes": 8, "free": 7}
,{ "id": 298, "bikes": 10, "free": 5}
,{ "id": 299, "bikes": 5, "free": 10}

]
}