{ "city": "Oslo", "time": 1370180102.24
, "stations": [
{"id": 1, "bikes": 14, "free": 4},
{"id": 2, "bikes": 15, "free": 3},
{"id": 4, "bikes": 0, "free": 9},
{"id": 5, "bikes": 7, "free": 11},
{"id": 6, "bikes": 10, "free": 5},
{"id": 7, "bikes": 4, "free": 8},
{"id": 8, "bikes": 8, "free": 4},
{"id": 9, "bikes": 5, "free": 7},
{"id": 10, "bikes": 3, "free": 9},
{"id": 11, "bikes": 1, "free": 11},
{"id": 12, "bikes": 7, "free": 5},
{"id": 13, "bikes": 13, "free": 5},
{"id": 14, "bikes": 0, "free": 6},
{"id": 15, "bikes": 9, "free": 12},
{"id": 16, "bikes": 9, "free": 6},
{"id": 17, "bikes": 19, "free": 5},
{"id": 18, "bikes": 5, "free": 7},
{"id": 19, "bikes": 2, "free": 10},
{"id": 20, "bikes": 27, "free": 3},
{"id": 21, "bikes": 7, "free": 17},
{"id": 22, "bikes": 2, "free": 11},
{"id": 23, "bikes": 16, "free": 5},
{"id": 24, "bikes": 3, "free": 21},
{"id": 25, "bikes": 4, "free": 11},
{"id": 26, "bikes": 2, "free": 10},
{"id": 27, "bikes": 1, "free": 17},
{"id": 28, "bikes": 1, "free": 5},
{"id": 29, "bikes": 5, "free": 4},
{"id": 30, "bikes": 7, "free": 5},
{"id": 31, "bikes": 7, "free": 2},
{"id": 32, "bikes": 9, "free": 3},
{"id": 33, "bikes": 5, "free": 7},
{"id": 34, "bikes": 2, "free": 10},
{"id": 35, "bikes": 4, "free": 4},
{"id": 36, "bikes": 11, "free": 4},
{"id": 37, "bikes": 7, "free": 5},
{"id": 38, "bikes": 7, "free": 10},
{"id": 39, "bikes": 9, "free": 3},
{"id": 40, "bikes": 5, "free": 5},
{"id": 41, "bikes": 7, "free": 5},
{"id": 42, "bikes": 10, "free": 2},
{"id": 43, "bikes": 26, "free": 4},
{"id": 44, "bikes": 5, "free": 7},
{"id": 45, "bikes": 3, "free": 6},
{"id": 46, "bikes": 8, "free": 4},
{"id": 47, "bikes": 0, "free": 12},
{"id": 48, "bikes": 7, "free": 8},
{"id": 49, "bikes": 8, "free": 4},
{"id": 50, "bikes": 6, "free": 24},
{"id": 51, "bikes": 9, "free": 21},
{"id": 52, "bikes": 28, "free": 3},
{"id": 53, "bikes": 0, "free": 0},
{"id": 54, "bikes": 7, "free": 8},
{"id": 55, "bikes": 10, "free": 5},
{"id": 56, "bikes": 5, "free": 7},
{"id": 57, "bikes": 11, "free": 4},
{"id": 58, "bikes": 1, "free": 8},
{"id": 59, "bikes": 6, "free": 9},
{"id": 60, "bikes": 5, "free": 7},
{"id": 61, "bikes": 13, "free": 11},
{"id": 62, "bikes": 9, "free": 21},
{"id": 63, "bikes": 0, "free": 24},
{"id": 64, "bikes": 6, "free": 9},
{"id": 65, "bikes": 5, "free": 7},
{"id": 66, "bikes": 17, "free": 7},
{"id": 67, "bikes": 8, "free": 7},
{"id": 68, "bikes": 7, "free": 5},
{"id": 69, "bikes": 7, "free": 8},
{"id": 70, "bikes": 1, "free": 11},
{"id": 71, "bikes": 16, "free": 2},
{"id": 72, "bikes": 9, "free": 3},
{"id": 73, "bikes": 7, "free": 5},
{"id": 74, "bikes": 3, "free": 9},
{"id": 75, "bikes": 9, "free": 6},
{"id": 76, "bikes": 0, "free": 18},
{"id": 77, "bikes": 0, "free": 6},
{"id": 78, "bikes": 20, "free": 4},
{"id": 79, "bikes": 7, "free": 2},
{"id": 80, "bikes": 2, "free": 19},
{"id": 81, "bikes": 1, "free": 11},
{"id": 82, "bikes": 14, "free": 1},
{"id": 83, "bikes": 0, "free": 9},
{"id": 84, "bikes": 9, "free": 12},
{"id": 85, "bikes": 26, "free": 4},
{"id": 86, "bikes": 10, "free": 2},
{"id": 87, "bikes": 15, "free": 3},
{"id": 88, "bikes": 13, "free": 2},
{"id": 89, "bikes": 0, "free": 9},
{"id": 90, "bikes": 2, "free": 7},
{"id": 91, "bikes": 7, "free": 5},
{"id": 92, "bikes": 18, "free": 12},
{"id": 93, "bikes": 8, "free": 1},
{"id": 94, "bikes": 9, "free": 6},
{"id": 95, "bikes": 5, "free": 10},
{"id": 96, "bikes": 6, "free": 9},
{"id": 97, "bikes": 0, "free": 29},
{"id": 98, "bikes": 0, "free": 15},
{"id": 99, "bikes": 10, "free": 8},
{"id": 100, "bikes": 6, "free": 9},
{"id": 102, "bikes": 6, "free": 12},
{"id": 104, "bikes": 0, "free": 18},
{"id": 107, "bikes": 12, "free": 3},
{"id": 108, "bikes": 12, "free": 3},
{"id": 109, "bikes": 9, "free": 6},
{"id": 110, "bikes": 7, "free": 8},
{"id": 111, "bikes": 16, "free": 5}]}
